Analysis_Type,Threshold_pct,Signal,SL_pct,SG_pct,Operacoes,PL_pts_total,PL_pts_medio,PL_BRL_total,PL_BRL_medio,PL_BRL_max,PL_BRL_min,PL_pct_medio,SG_hits,SL_hits,EOD_hits,WinRate_pct,LossRate_pct,Recomendada,periodo,tipo_periodo
open_vs_prev_close,1%,SELL,0.0075,0.0075,39,12439.15,318.9526,2487.83,63.7905,203.46,-204.48,0.25,26,13,0,66.67,33.33,True,2024-01-01_2025-01-01,anual
open_vs_prev_max_high,1%,SELL,0.005,0.005,17,4493.6,264.3294,898.74,52.8671,136.36,-133.75,0.2059,12,5,0,70.59,29.41,True,2024-01-01_2025-01-01,anual
open_vs_prev_max_high,1%,SELL,0.0075,0.0075,17,4881.47,287.1453,976.3,57.4294,204.54,-200.63,0.2206,11,6,0,64.71,35.29,True,2024-01-01_2025-01-01,anual
open_vs_prev_open,2%,SELL,0.0075,0.0075,12,3839.1,319.925,767.82,63.985,201.68,-200.61,0.25,8,4,0,66.67,33.33,True,2024-01-01_2025-01-01,anual
open_vs_prev_close,1%,SELL,0.0075,0.005,122,33422.82,273.9575,6684.58,54.7916,187.65,-276.04,0.2029,93,29,0,76.23,23.77,True,2024-01-01_2026-03-01,anual
open_vs_prev_close,1%,SELL,0.0075,0.0075,122,42896.54,351.611,8579.33,70.3224,281.48,-276.04,0.2582,82,40,0,67.21,32.79,True,2024-01-01_2026-03-01,anual
open_vs_prev_close,2%,BUY,0.0075,0.0075,14,7024.21,501.7293,1404.85,100.3464,276.22,-192.71,0.3214,10,4,0,71.43,28.57,True,2024-01-01_2026-03-01,anual
open_vs_prev_close,2%,SELL,0.0075,0.0075,18,7295.3,405.2944,1459.07,81.0594,284.27,-278.78,0.25,12,6,0,66.67,33.33,True,2024-01-01_2026-03-01,anual
open_vs_prev_max_high,2%,SELL,0.0075,0.005,10,2624.44,262.444,524.89,52.489,185.76,-206.3,0.125,7,3,0,70.0,30.0,True,2024-01-01_2026-03-01,anual
open_vs_prev_close,1%,BUY,0.0075,0.0075,49,15641.46,319.2135,3128.28,63.8424,272.42,-281.71,0.2602,33,16,0,67.35,32.65,True,2025-01-01_2026-03-01,anual
open_vs_prev_close,1%,SELL,0.0075,0.005,83,24524.07,295.4707,4904.82,59.0942,187.65,-276.04,0.2139,64,19,0,77.11,22.89,True,2025-01-01_2026-03-01,anual
open_vs_prev_close,1%,SELL,0.0075,0.0075,83,30457.39,366.9565,6091.5,73.3916,281.48,-276.04,0.262,56,27,0,67.47,32.53,True,2025-01-01_2026-03-01,anual
open_vs_prev_close,2%,SELL,0.0075,0.0075,17,6314.49,371.4406,1262.91,74.2888,284.27,-278.78,0.2206,11,6,0,64.71,35.29,True,2025-01-01_2026-03-01,anual
open_vs_prev_max_high,2%,SELL,0.0075,0.005,10,2624.44,262.444,524.89,52.489,185.76,-206.3,0.125,7,3,0,70.0,30.0,True,2025-01-01_2026-03-01,anual
open_vs_prev_min_low,1%,BUY,0.005,0.005,20,6116.2,305.81,1223.24,61.162,185.09,-157.72,0.2,14,6,0,70.0,30.0,True,2025-01-01_2026-03-01,anual
open_vs_prev_min_low,1%,BUY,0.0075,0.005,20,5762.57,288.1285,1152.52,57.626,185.09,-236.58,0.1875,15,5,0,75.0,25.0,True,2025-01-01_2026-03-01,anual
open_vs_prev_min_low,1%,BUY,0.0075,0.0075,20,6998.06,349.903,1399.6,69.98,277.63,-236.58,0.225,13,7,0,65.0,35.0,True,2025-01-01_2026-03-01,anual
open_vs_prev_open,2%,BUY,0.0075,0.005,17,4915.8,289.1647,983.16,57.8329,185.9,-241.76,0.2059,13,4,0,76.47,23.53,True,2025-01-01_2026-03-01,anual
open_vs_prev_open,2%,BUY,0.0075,0.0075,17,5621.27,330.6629,1124.25,66.1324,278.85,-241.76,0.2206,11,6,0,64.71,35.29,True,2025-01-01_2026-03-01,anual
open_vs_prev_close,1%,SELL,0.002,0.005,11,4364.72,396.7927,872.95,79.3591,130.93,-51.42,0.3091,8,3,0,72.73,27.27,True,2024-01-01_2024-06-01,semestral
open_vs_prev_close,1%,SELL,0.005,0.005,11,4503.52,409.4109,900.7,81.8818,130.93,-127.98,0.3182,9,2,0,81.82,18.18,True,2024-01-01_2024-06-01,semestral
open_vs_prev_close,1%,SELL,0.005,0.0075,11,4211.33,382.8482,842.26,76.5691,196.4,-128.9,0.2955,7,4,0,63.64,36.36,True,2024-01-01_2024-06-01,semestral
open_vs_prev_close,1%,SELL,0.0075,0.002,11,2816.23,256.0209,563.24,51.2036,52.37,50.14,0.2,11,0,0,100.0,0.0,True,2024-01-01_2024-06-01,semestral
open_vs_prev_close,1%,SELL,0.0075,0.005,11,5440.83,494.6209,1088.17,98.9245,130.93,-191.97,0.3864,10,1,0,90.91,9.09,True,2024-01-01_2024-06-01,semestral
open_vs_prev_close,1%,SELL,0.0075,0.0075,11,8641.17,785.5609,1728.24,157.1127,196.4,-191.97,0.6136,10,1,0,90.91,9.09,True,2024-01-01_2024-06-01,semestral
open_vs_prev_max_high,1%,SELL,0.005,Natural,12,9541.53,795.1275,1908.3,159.025,259.96,-128.71,0.6176,9,3,0,75.0,25.0,True,2024-01-01_2024-06-01,semestral
open_vs_prev_max_high,1%,SELL,0.0075,Natural,12,8576.22,714.685,1715.25,142.9375,259.96,-193.06,0.5551,9,3,0,75.0,25.0,True,2024-01-01_2024-06-01,semestral
open_vs_prev_max_vol_close,1%,SELL,0.005,0.0075,13,4554.46,350.3431,910.89,70.0685,196.82,-128.58,0.2692,8,5,0,61.54,38.46,True,2024-01-01_2024-06-01,semestral
open_vs_prev_max_vol_close,1%,SELL,0.0075,0.005,13,3575.99,275.0762,715.21,55.0162,131.21,-192.86,0.2115,10,3,0,76.92,23.08,True,2024-01-01_2024-06-01,semestral
open_vs_prev_max_vol_close,1%,SELL,0.0075,0.0075,13,6794.0,522.6154,1358.81,104.5238,196.82,-192.86,0.4038,10,3,0,76.92,23.08,True,2024-01-01_2024-06-01,semestral
open_vs_prev_close,1%,BUY,0.005,0.0075,22,8054.94,366.1336,1611.0,73.2273,206.93,-138.74,0.2955,14,8,0,63.64,36.36,True,2025-01-01_2025-06-01,semestral
open_vs_prev_close,1%,BUY,0.0075,0.005,22,5834.29,265.195,1166.88,53.04,137.96,-208.12,0.2159,17,5,0,77.27,22.73,True,2025-01-01_2025-06-01,semestral
open_vs_prev_close,1%,BUY,0.0075,0.0075,22,9341.59,424.6177,1868.31,84.9232,206.93,-208.12,0.3409,16,6,0,72.73,27.27,True,2025-01-01_2025-06-01,semestral
open_vs_prev_close,1%,SELL,0.0075,0.005,27,7604.62,281.6526,1520.91,56.33,139.51,-201.93,0.2222,21,6,0,77.78,22.22,True,2025-01-01_2025-06-01,semestral
open_vs_prev_close,1%,SELL,0.0075,0.0075,27,8650.92,320.4044,1730.16,64.08,209.27,-201.93,0.25,18,9,0,66.67,33.33,True,2025-01-01_2025-06-01,semestral
open_vs_prev_close,1%,BUY,0.0075,0.0075,22,7902.3,359.1955,1580.46,71.8391,241.14,-243.97,0.2727,15,7,0,68.18,31.82,True,2025-06-01_2026-01-01,semestral
open_vs_prev_close,1%,SELL,0.005,0.005,41,12148.52,296.3054,2429.67,59.2602,163.2,-162.24,0.2073,29,12,0,70.73,29.27,True,2025-06-01_2026-01-01,semestral
open_vs_prev_close,1%,SELL,0.005,0.0075,41,15373.94,374.9741,3074.79,74.9949,244.8,-162.24,0.2622,25,16,0,60.98,39.02,True,2025-06-01_2026-01-01,semestral
open_vs_prev_close,1%,SELL,0.0075,0.005,41,16910.45,412.45,3382.1,82.4902,163.2,-239.68,0.2866,34,7,0,82.93,17.07,True,2025-06-01_2026-01-01,semestral
open_vs_prev_close,1%,SELL,0.0075,0.0075,41,20518.5,500.4512,4103.73,100.091,244.8,-239.68,0.3476,30,11,0,73.17,26.83,True,2025-06-01_2026-01-01,semestral
open_vs_prev_max_high,1%,SELL,0.005,0.005,17,6698.4,394.0235,1339.67,78.8041,163.58,-157.94,0.2647,13,4,0,76.47,23.53,True,2025-06-01_2026-01-01,semestral
open_vs_prev_max_high,1%,SELL,0.005,0.0075,17,7696.83,452.7547,1539.34,90.5494,245.37,-160.22,0.3088,11,6,0,64.71,35.29,True,2025-06-01_2026-01-01,semestral
open_vs_prev_max_high,1%,SELL,0.0075,0.005,17,5235.65,307.9794,1047.13,61.5959,163.58,-236.91,0.2059,13,4,0,76.47,23.53,True,2025-06-01_2026-01-01,semestral
open_vs_prev_max_high,1%,SELL,0.0075,0.0075,17,5471.38,321.8459,1094.26,64.3682,245.37,-240.33,0.2206,11,6,0,64.71,35.29,True,2025-06-01_2026-01-01,semestral
open_vs_prev_min_low,1%,BUY,0.005,0.005,12,4310.61,359.2175,862.12,71.8433,160.14,-157.72,0.25,9,3,0,75.0,25.0,True,2025-06-01_2026-01-01,semestral
open_vs_prev_min_low,1%,BUY,0.0075,0.005,12,3235.4,269.6167,647.08,53.9233,160.14,-236.58,0.1875,9,3,0,75.0,25.0,True,2025-06-01_2026-01-01,semestral
open_vs_prev_open,2%,SELL,0.005,0.005,15,3809.24,253.9493,761.84,50.7893,164.99,-161.78,0.1667,10,5,0,66.67,33.33,True,2025-06-01_2026-01-01,semestral
open_vs_prev_open,2%,SELL,0.005,0.0075,15,7565.19,504.346,1513.04,100.8693,247.49,-161.78,0.3333,10,5,0,66.67,33.33,True,2025-06-01_2026-01-01,semestral
open_vs_prev_open,2%,SELL,0.0075,0.005,15,5497.38,366.492,1099.46,73.2973,164.99,-242.68,0.25,12,3,0,80.0,20.0,True,2025-06-01_2026-01-01,semestral
open_vs_prev_open,2%,SELL,0.0075,0.0075,15,9961.23,664.082,1992.23,132.8153,247.49,-242.68,0.45,12,3,0,80.0,20.0,True,2025-06-01_2026-01-01,semestral
open_vs_prev_open,2%,SELL,0.0075,0.0075,14,5386.84,384.7743,1077.36,76.9543,284.95,-278.66,0.2143,9,5,0,64.29,35.71,True,2026-01-01_2026-03-01,semestral
